city_id,name,postal_code,country_id
1,Sheli,06105,484
2,San Simón,481527031,403
3,Comrat,508411683,83
4,Forquilhinha,765080001,319
5,Antas,370275098,940
6,Ronneby,423471619,810
7,Hongshan,261552705,75
8,Panguipulli,967312052,269
9,Hägersten,034581263,540
10,Babirik,331724591,743
11,Malandag,479783211,87
12,Ternopil’,286455720,487
13,Lutian,209104003,851
14,Bailan,191404535,923
15,Shumerlya,115771507,68
16,Lampa,797624843,750
17,Liaonan,676012370,372
18,Kasama,335695531,647
19,Long Thành,609361477,317
20,Wujiayao,482772040,643
21,Kihancha,930652868,297
22,Chkalov,656150650,909
23,Changxing,283107394,837
24,Brunflo,891215208,878
25,Cangkringan,452632982,361
26,Phitsanulok,597156902,959
27,Ventsy,504411859,785
28,Kayima,100877399,219
29,Muxagata,263309006,311
30,Beigang,478342718,182
31,Bhiria,100384922,165
32,Vicuña Mackenna,498548992,532
33,Halinów,497831822,769
34,Shakīso,461312140,893
35,Shibata,497210419,817
36,Palmerston North,331695710,986
37,Langnga,782344513,106
38,Šalovci,304010879,946
39,Kobrinskoye,750715759,667
40,Chişinău,082409102,561
41,Saubara,481801768,654
42,Imeni Babushkina,370275339,103
43,Houmen,232235332,249
44,Shuitou,606775070,783
45,Puttalam,801112912,783
46,Vannes,941104403,685
47,Lokosovo,270307796,640
48,Skelivka,123041020,2
49,Meneou,212182829,187
50,Suwaluh,198032762,490
51,Vide,752401331,510
52,Elena,104754614,797
53,Pokrovo-Prigorodnoye,700014147,577
54,Qikeshu,334613300,933
55,Donan,574302274,45
56,Lozova,902133658,36
57,Marína,981243603,974
58,Cibeureum,546015467,417
59,Waitun,760403977,690
60,Tullinge,006629438,835
61,Mauraro,276063563,476
62,Buri,836722202,299
63,Kupino,381483023,950
64,Songnim,330127504,844
65,Pingdong,357730129,863
66,Vlorë,514451699,975
67,Brades,481924668,892
68,Aurora,288037782,193
69,Yanjiang,66755,197
70,Radès,615544214,419
71,Ush-Tyube,115524229,605
72,Huliao,303741863,345
73,Funafuti,703942623,78
74,Pak Thong Chai,747017032,854
75,Beregovoy,219041801,180
76,Waśniów,054781726,862
77,Plalar,714464665,723
78,Shumerlya,336146838,412
79,Orsay,465529639,101
80,Kalapanunggal,282311696,59
81,Sundsvall,330292810,686
82,Potou,206134109,183
83,Shalinskoye,00631,130
84,Stockholm,212631856,702
85,Cacoal,022155400,334
86,Banyubang,330623595,45
87,Miðvágur,477104575,119
88,Sing Buri,319011575,236
89,Jabranti,372052287,93
90,Nizhnedevitsk,593270268,249
91,Jinshan,952499707,558
92,Ceuta,100166402,136
93,Södertälje,411012843,383
94,Eg-Uur,891022386,431
95,Żabieniec,704582923,37
96,Stony Plain,478042706,200
97,Oesain,271033013,320
98,Gines-Patay,684500599,6
99,Staré Město,04543,216
100,Bergen op Zoom,713220380,849
101,Sanjie,331281833,523
102,Mýki,21133,592
103,Qal‘ah-ye Kuhnah,751423621,31
104,Armação,441413204,893
105,Carvalhal,764501390,863
106,Churubamba,462061284,237
107,Fenglu,441930002,439
108,Lengkongsari,046191305,150
109,Guashe,43202,787
110,La Bélgica,937211324,36
111,Zhongcheng,240111713,543
112,Uren’,179012710,317
113,Amiens,370275098,474
114,Debre Zeyit,609421801,473
115,Novoukrainskiy,917752427,275
116,Morales,841041404,193
117,Charlotte Amalie,170330856,32
118,Rājo Khanāni,402021675,121
119,Zelenogorsk,760107445,438
120,Fovissste,474213510,280
121,Babo-Pangulo,606412144,288
122,Kuwait City,008015240,602
123,São Gonçalo do Amarante,33907,771
124,Olejet,170330856,88
125,Zhonghe,804590399,702
126,Mantalongon,475471028,481
127,Ilaya,631505673,893
128,Bromma,068106099,773
129,Ma‘bar,433119036,95
130,Samparna,581036029,47
131,Vojkovice,191022100,929
132,Sandaohezi,913202123,843
133,Arroio do Meio,770541906,515
134,Golčův Jeníkov,785966640,343
135,Nonohonis,481971051,280
136,Dajabón,946123466,481
137,Akouda,180151000,581
138,Starodub,331442038,270
139,Turka,475429049,520
140,Valladolid,797313899,857
141,Brwinów,170330858,863
142,Johor Bahru,388015599,374
143,San Calixto,33308,485
144,Saint-Eustache,900885904,294
145,Argotirto Krajan,905053725,184
146,Monteros,931020689,312
147,Esteio,526279611,468
148,Khān Yūnis,461513158,891
149,Lalupon,370275697,230
150,Mallawī,402012587,885
151,Sadek,982744127,396
152,New Plymouth,352427509,949
153,Anār,483352868,670
154,Goyty,283090908,886
155,Bromölla,705443503,467
156,Algeciras,543073508,323
157,Balfour,330181165,475
158,Hawassa,900888837,849
159,Umag,296072101,474
160,Ostružnica,006811750,297
161,Bjuv,047301891,394
162,North Little Rock,525772495,446
163,Al Fūlah,832521239,139
164,Jām Sāhib,162148501,171
165,Careva Ćuprija,108013822,829
166,Punkaharju,380757461,291
167,Mombasa,232271149,445
168,Kamieniec Ząbkowicki,294011113,311
169,Inya,308309686,623
170,Itapecerica da Serra,627047450,222
171,Tupã,606052416,422
172,Zhenlong,287342607,333
173,Järfälla,452636569,371
174,Basen,029084728,255
175,Balaka,148503251,707
176,Xia’ertai,290458390,363
177,Cileunyi,982011409,815
178,San Simón,303285834,774
179,Kétou,585380527,925
180,Mogi Guaçu,753910115,509
181,Huya,272890488,395
182,Dan Sadau,334096501,520
183,Cheonan,553070620,779
184,Torbeyevo,790840126,923
185,Xihuachi,480333849,194
186,Drahichyn,191150480,12
187,Dežanovac,627047450,325
188,Helsingborg,891197825,243
189,Tournan-en-Brie,762343702,787
190,Hägersten,282602373,134
191,Koina,432714328,954
192,Cambebba,673574948,547
193,Khodzha-Maston,19087,95
194,Noen Maprang,283410187,51
195,Hornówek,331444211,299
196,Parbatipur,483093609,968
197,Bergen op Zoom,705864618,359
198,Medenine,294069104,675
199,Ambarita,223112003,869
200,Allen,628632638,95
201,Turku,78236,894
202,Jablanovec,479783211,407
203,Nowshera,271014013,899
204,Cutral-Có,396482705,601
205,Lincheng,33950,326
206,Houzhen,467332303,288
207,Huayuan,029054513,162
208,Ciechanów,103125416,528
209,Yerofey Pavlovich,386469785,458
210,Brasília,748042007,990
211,Bentiu,626565066,292
212,Paris 08,140482514,744
213,Chistopol’,564311865,269
214,Mafang,592630400,598
215,Luzino,331221271,639
216,Pangushan,606777003,631
217,Nazyvayevsk,641802843,34
218,Schengen,503123239,801
219,Sangatta,282199305,623
220,Khvānsār,906051600,656
221,Panadtaban,276076462,734
222,Alhos Vedros,267194533,884
223,Ciudad Darío,626188385,725
224,Hufang,028954712,992
225,Linxi,070476217,560
226,Gongbuxue,845350308,568
227,Abengourou,401215111,373
228,Yuqian,675502055,978
229,Pandaan,724013111,378
230,Kista,212046800,380
231,Khairpur Nathan Shāh,594035096,941
232,Sondo,505883027,237
233,Perivóli,342408445,945
234,Songhae,034311718,484
235,Anguera,676012370,302
236,Quimistán,462664224,588
237,Otaniemi,802044507,468
238,Subottsi,735216141,442
239,Chaykovskaya,497831822,715
240,Majengo,467332303,417
241,Aigínio,956303546,927
242,Vũ Quang,70433,286
243,Talawi,900063705,213
244,Songnim,467332303,87
245,Fyllingsdalen,991569046,894
246,Horní Suchá,675441706,986
247,Fernando Gutierrez Barrios,689014451,831
248,Sibulan,543051866,41
249,Jiujie,029054541,464
250,Victoria,352460406,429
251,Lammi,331652493,84
252,Rybnik,971385501,375
253,Saint-Joseph-de-Coleraine,270301267,955
254,Emin,100012603,597
255,Chicago,936542113,23
256,Rukem,790880808,122
257,Begang,331346732,65
258,Gamboula,653403702,798
259,Aviúges,331354924,164
260,Yuanjiazhuang,510121205,966
261,Nianyushan,860013118,914
262,Punta Gorda,480333849,738
263,Cértegui,395032637,790
264,Rosmaninhal,296072101,19
265,Zhangyelu,282751803,986
266,Changshan,077127502,419
267,Carigara,33174,256
268,Tōbetsu,039091011,2
269,Maraial,770415161,696
270,Santa Maria,520571526,576
271,Łagów,33428,67
272,Alupay,282199305,241
273,Nova Varoš,303847723,593
274,Tarkastad,704042668,79
275,Sukolilo,390900887,678
276,St. Anton an der Jeßnitz,60649,260
277,Asino,333093750,9
278,Velagići,641084619,129
279,Bulawayo,219215512,80
280,Biguo,752845347,435
281,Vendargues,468955600,238
282,Cho-airong,452194231,369
283,Chernelytsya,395330555,558
284,Madara,928353618,555
285,Seoul,152518007,880
286,Neyvo-Rudyanka,042633418,539
287,Tours,482772930,168
288,Masvingo,017424159,997
289,Aihua,322164317,596
290,Själevad,794101145,54
291,Pelem,816014227,56
292,Lac-Mégantic,331666202,831
293,Logovskoye,952010779,167
294,Bereeda,023644110,906
295,Buldon,282751803,326
296,Longhua,331662835,858
297,Colomiers,232201215,923
298,Trucuk,84790,217
299,Nueva Esperanza,304582178,147
300,Zhoutou,83316,617
301,Pulautemiang,850122702,633
302,Montgomery,207402354,833
303,Baoping,303151640,34
304,Jablonec nad Nisou,481503397,386
305,Vila Real de Santo António,333241078,713
306,Nantes,539481931,6
307,Le Mans,279093473,305
308,Ciparay,333232857,219
309,Davila,836426707,959
310,Martaban,303847723,597
311,Dacun,393671249,875
312,Villiers,554860013,38
313,Wudian,372156293,510
314,Oslo,758627205,899
315,Fundación,595011231,564
316,Maramag,302534207,198
317,Raglan,850062837,114
318,Manolo Fortich,853230540,346
319,Kamyshevka Vtoraya,793312451,553
320,Parral,926533633,296
321,Kabankalan,283490278,882
322,Mangaldan,330643502,206
323,El Corozo,115014114,101
324,Hongxi,731597900,135
325,Gore,453426446,472
326,Paris 12,664427037,82
327,Gostagayevskaya,334096501,768
328,Karagach,992202670,554
329,Birigui,622741034,46
330,Phan Rang-Tháp Chàm,403511015,164
331,Auas,211575726,523
332,Koch'ang,303743070,467
333,Shunde,190121201,553
334,Loureiro,497380533,96
335,Krasne,282751803,935
336,Emiliano Zapata,641802843,386
337,Bal’shavik,636700366,385
338,Independencia,331313931,82
339,Zheleznodorozhnyy,865040649,581
340,Sokobanteng,544571617,111
341,San Fernando,117068408,3
342,Antang,382011649,200
343,Capitán Bermúdez,349527575,320
344,Labuan,993490960,790
345,Regnów,667714044,885
346,Felege Neway,280252927,226
347,Krasnokholmskiy,020623487,255
348,Sukamaju,379015004,638
349,Santa Cruz,410173403,136
350,Aldeia da Mata,235023819,917
351,Las Palmas,770155710,28
352,Santa Eulalia,304013231,206
353,Mtinko,605163143,707
354,Alicante/Alacant,481262641,101
355,Piritiba,802044507,262
356,Káto Nevrokópi,510121205,1
357,Emar,380635577,245
358,Yuanqiao,563621445,992
359,Dongping,404562733,663
360,Antanifotsy,503097021,197
361,Mehtar Lām,941430296,275
362,Palca,530959274,583
363,Permas,505950430,195
364,Burunday,158251367,272
365,San Casimiro,073024321,263
366,Prizren,292298179,112
367,Sakassou,775154239,987
368,Krajan Sale,136621056,795
369,Xueshan,707570098,420
370,Quy Đạt,967971244,799
371,Suodenniemi,503141505,848
372,Kościerzyna,949128010,723
373,Castanheira,482372584,645
374,Longquan,452052636,259
375,Qal‘ah-ye Kūf,96792,523
376,Colquemarca,452639992,94
377,Macarse,306500860,180
378,Wuxiang,397599820,872
379,Manila,440779176,900
380,Tamra,521722022,644
381,Matsubase,330253925,318
382,Miringa,112192916,567
383,Oporapa,629301634,374
384,Quintã,38606,996
385,Quillota,262881065,668
386,Shuiquan,920555191,210
387,Cimaung Kidul,352830674,306
388,Wanlongshan,882110629,745
389,Basud,39401,686
390,Las Sabanas,70821,876
391,Rudnya,687145062,332
392,Mjölby,283107324,631
393,Kato Pyrgos,711014243,134
394,Međa,523531237,836
395,Doudleby nad Orlicí,902123540,195
396,Jinping,021245615,411
397,Arsen’yev,490791040,748
398,Carania,280250933,466
399,Nofoali‘i,606284200,602
400,Syevyerodonets’k,906051600,269
401,Wólka Pełkińska,79772,634
402,Cisoka,286075049,565
403,Hezhi,47331,445
404,La Mesa,748720850,544
405,Baliuag,816014227,22
406,Néos Oropós,009071510,947
407,Pejek,983560019,742
408,Taipingchuan,824149309,762
409,Konstantynów Łódzki,287440569,988
410,Ciketak,303480054,450
411,Rumelange,079013533,884
412,Duyun,486702000,909
413,Mirsíni,486700001,33
414,San Francisco,012014109,53
415,Vrdy,787587853,233
416,Akkol’,782294493,36
417,Patrocinio,295269142,262
418,Hanting,787358531,793
419,Horta,154015514,784
420,Los Angeles,480831215,582
421,Jagistay,473620485,428
422,Lelekovice,799205001,4
423,Horana South,160562254,27
424,Fengchuan,763740158,459
425,Killorglin,505252019,14
426,Akune,785508968,444
427,Tyresö,941224517,26
428,Panyam,422235318,316
429,Bulqizë,296153506,980
430,Azenhas do Mar,447182545,649
431,Fort Beaufort,530514490,88
432,Banjar Jabejero,740203020,551
433,Hamburg Bramfeld,991590368,809
434,Motygino,018451620,260
435,Tlogoagung,841164740,270
436,Chunjiang,967061993,249
437,Strančice,982784927,803
438,Xiaozhang,057014560,928
439,Mjölby,583181045,957
440,Bektemir,628632638,205
441,Maguilling,313134000,859
442,Intendente Alvear,394017200,574
443,Shahrak,765445060,706
444,Akhfennir,460521476,746
445,Wolongquan,941432204,455
446,Mafra,967932526,838
447,Skorogoszcz,743551590,40
448,Batouri,186576149,274
449,Liaobu,752542916,727
450,Roma,952010779,286
451,Villaba,544021008,505
452,Aime,815210130,762
453,Huai’an,319055647,892
454,Fujisawa,544495703,528
455,Stefanavíkion,331551402,327
456,Panay,501383121,132
457,Starobelokurikha,708093489,910
458,Shāhdādkot,480922468,616
459,Pariaman,900276005,422
460,Pangkalan,462901024,315
461,Khān Yūnis,720153353,96
462,Jimusa’er,623012834,603
463,Nanganga,191787642,282
464,Yipeng,104572594,345
465,Dadong,049880172,271
466,Hobor,921202600,518
467,Sanshui,240111713,31
468,Saravia,840782036,374
469,Comodoro Rivadavia,330162072,286
470,Cusco,917618655,673
471,Khvastovichi,690011328,541
472,Lalmanirhat,875057601,260
473,Greensboro,317924255,269
474,Lujing Zhen,68467,690
475,Qiancheng,594420249,944
476,Gorzyce,874996210,776
477,Mirosławiec,333136801,884
478,Yangxiang,75034,371
479,San Miguel Chicaj,458791545,326
480,Lushuihe,191022100,497
481,Rāvar,598402338,275
482,Lubu,905013445,695
483,Pacho,212364978,389
484,Noenoni,631505673,290
485,Stony Plain,015701509,46
486,Arsenal,346971921,333
487,Meringkik,716555729,255
488,Renhe,750243582,326
489,Nikulino,475671247,474
490,Rudniki,554083117,651
491,Säffle,217014506,652
492,Malakand,795496162,945
493,Tucuran,415370472,654
494,General Luna,967438442,79
495,Ożarowice,606775070,445
496,Şanā’,080031115,166
497,Wang Sai Phun,100192925,825
498,Nancun,136014034,800
499,Vetluga,488672360,600
500,Stavropol’,816482100,724
501,Tres Arroyos,520571526,675
502,Solomenskoye,178376343,562
503,Gränna,33016,493
504,San Antonio,287123378,428
505,Dahu Satu,408311777,538
506,Stubno,505015740,817
507,Sawahbaru,331444671,262
508,Rowotengah,286774107,449
509,Lewodoli,691380469,294
510,Biasong,104611138,583
511,Guangli,296072101,217
512,Al Khafjī,302860027,713
513,Stara Pazova,426421610,174
514,Huzhen,489013008,148
515,Sanjiangkou,460748874,611
516,Łysomice,503125305,958
517,Ciusul,490075341,944
518,Río Ceballos,481829300,368
519,Kajatian,212231558,766
520,Bussum,427491480,72
521,Markog,079013533,856
522,Chepareria,984150299,567
523,Avellaneda,850062837,160
524,Semenivka,156442538,499
525,Alpūrai,675014406,326
526,Summerside,331662846,551
527,Stefanavíkion,832130145,492
528,Siliana,123011022,29
529,Salor,953505413,908
530,Mantang,554860013,929
531,Olenyok,627047450,655
532,Jacareí,152431899,95
533,Mokopane,212973101,627
534,Corbeil-Essonnes,904043571,203
535,Halmstad,737170727,989
536,Trablice,232271149,951
537,Jingtan,465451469,616
538,Marseille,531885031,534
539,Imielin,900741515,598
540,Zangbi,923241801,461
541,Valença do Douro,604263558,401
542,Tokonou,900888837,183
543,Düsseldorf,100046010,824
544,El Puerto,785031241,759
545,Resplendor,592302604,434
546,Krajan Dua Dawuan Wetan,330156309,886
547,Vysotskoye,244570007,870
548,Agía Paraskeví,260036379,727
549,Conel,191063500,917
550,Kyparissía,535811914,223
551,Hecun,788408007,82
552,Łomianki,84501,821
553,Jelat,461221415,907
554,Ettal,334403514,675
555,El Bolsón,253041227,376
556,Senta,874200160,804
557,Artemisa,350580609,377
558,Jargalant,895021576,26
559,Gorbatovka,967344454,815
560,Kangin,392329588,927
561,Furudate,112192918,853
562,Colmar,802306507,619
563,Tunjuk Selatan,928321905,897
564,Karangora,006020090,632
565,Kōfu-shi,481702048,730
566,Genova,941151932,532
567,Changgucheng,559046425,630
568,Loma Alta,480151825,845
569,Sampao,331652681,456
570,Neyrīz,952403835,245
571,Quỳ Châu,606860081,903
572,Téra,236084410,486
573,Ji’an,475010760,220
574,Patrol,392164500,569
575,Efkarpía,680470100,482
576,Sulo,388620489,29
577,Wanshan,540022600,983
578,Del Rosario,606594279,412
579,Primošten,331652066,965
580,Templeogue,423470148,158
581,Cortez,775984204,448
582,Tarvasjoki,902555823,724
583,Nong Khai,475911038,114
584,Libochovice,844032017,427
585,Tempuran,934360909,433
586,Khoa,117143471,903
587,Santa María Chiquimula,837091430,369
588,Noormarkku,461312140,584
589,Angan,62549,387
590,Ruchihe,521012325,801
591,Santiago de María,122124890,62
592,Devnya,774379535,794
593,Madjeouéni,501121898,505
594,Lunenburg,550331056,309
595,Kuching,688230340,420
596,Trới,111022448,530
597,Estancia,622631534,214
598,Gzy,314056015,260
599,Nanhe,278356028,459
600,Trabulheira,790143315,643
601,Izhmorskiy,668461422,323
602,Jejkowice,539481931,975
603,Krajan,760107445,100
604,Marcos Juárez,505950430,274
605,Binangun,331253352,879
606,General Luna,331741243,451
607,Raminho,628371203,332
608,Ostrzeszów,031095615,290
609,Tall Abyaḑ,191044319,356
610,Naḥf,144201229,583
611,Xuanhuadian,113551814,952
612,Xiaodukou,421043362,242
613,Mancos,752302505,616
614,Světlá nad Sázavou,638731616,817
615,Blama,781304194,835
616,Duma,790270949,919
617,Krebet,704383688,256
618,Sima,190462901,537
619,Buenos Aires,96362,518
620,Sogamoso,68467,135
621,Gyumri,934360909,603
622,Ganggawang,717110797,278
623,Ueno,022412655,255
624,Axili,295724607,980
625,Polovinnoye,930031581,817
626,Sobreira,874200160,975
627,Pejek,827173046,938
628,Ballylinan,206015601,169
629,Manicaragua,411051595,968
630,Ishëm,271035614,672
631,Volokolamsk,799052725,447
632,Cungapmimbo,158011440,953
633,Yangba,452630001,777
634,Taketoyo,10940,691
635,Kotablolong,171058700,762
636,Cobh,561641890,387
637,Kovernino,501121898,942
638,Krasnyy Oktyabr’,33172,561
639,Bedalewun,330162656,669
640,Burgas,291161245,354
641,Cotabambas,410173403,294
642,Liuzhi,675014406,235
643,Mizi,767128614,625
644,Kamensk-Shakhtinskiy,041013776,678
645,Stari Lec,784105127,820
646,Victoria,158011440,13
647,Kopang Satu,100877633,122
648,Fagersta,910303083,958
649,Mossel Bay,270301267,257
650,Airmadidi,838372023,303
651,Kolobolon,953505413,924
652,Pervomays’k,009191227,816
653,Tanniu,19901,388
654,Sanxi,071071317,708
655,Chaltyr,032160032,569
656,Georgīevka,045530745,868
657,Capitán Bermúdez,70458,730
658,Nchelenge,327141502,59
659,Arroio do Meio,475862755,75
660,Krrabë,482670001,127
661,San Jose,482772930,717
662,Ngasinan,415011689,225
663,Ḑubāh,283013856,548
664,Guandu,334051230,697
665,Kukichūō,200324623,334
666,Kathu,46202,900
667,Sargodha,940404106,558
668,Luleå,474415282,519
669,Xiaotao,007301859,613
670,Tam Bình,543013526,173
671,Nakambala,277222014,89
672,Xinqiao,917701987,608
673,Agrínio,494234918,410
674,Yuanba,523492254,887
675,Xushangqiao,731960400,471
676,Babao,481877611,364
677,Beicheng,402521648,12
678,Battaramulla South,331402800,193
679,Huquan,295669138,422
680,Castanheira,726532955,389
681,Dukuhturi,280013441,739
682,Parnamirim,554860013,50
683,Dajin,576011106,754
684,Konakridee,331345224,978
685,Dongjin,088225773,532
686,Nikhom Kham Soi,333093750,660
687,Quebo,953586411,249
688,Nanmuping,898201988,8
689,Junbu,327656801,117
690,Jinguoping,282604271,404
691,Baipu,782584206,987
692,Nay Pyi Taw,558052242,256
693,Shentong,390380510,784
694,Kozy,616021308,850
695,Ransiki,576560206,227
696,Corozal,303285831,408
697,Kryvyy Rih,631416322,604
698,Turgenevo,336062639,825
699,Nevinnomyssk,177011978,66
700,San Agustin,801232101,624
701,Sundsvall,379234626,323
702,Medvedovskaya,40475,430
703,Mingyihe,171058700,124
704,Jinghai,125338320,172
705,Ballylinan,756015580,785
706,Anfusi,606860081,525
707,Abreus,558052242,502
708,Tonota,762520370,851
709,Qiongshan,726532952,135
710,Ar Ramthā,693379400,111
711,Sidomulyo,372072539,997
712,Blimbing,00674,487
713,Lawonda,100166413,161
714,Huitong,871023273,884
715,Ganjaran,480333849,907
716,Lunyuk Ode,488672120,281
717,Caucagüito,816014286,721
718,Le Pontet,18840,204
719,Tibiri,370274536,78
720,Santa Ana,283583075,356
721,Gniechowice,808401805,482
722,Tomdibuloq,617641617,529
723,Papër,332660038,923
724,Valencia,26506,193
725,Huangtugang,477103336,969
726,Shensuo,158011440,303
727,Yasugichō,603041022,576
728,Mandangoa,675303562,314
729,Ashcroft,508499494,320
730,Sumber,242193350,254
731,Al Farwānīyah,655843730,443
732,Macaé,331263422,969
733,Nouâdhibou,026732582,554
734,Linghu,483313358,924
735,Neryungri,452122276,803
736,Esperanza,441171714,836
737,Shiqian,10025,429
738,Si Racha,331666556,146
739,Da-an Sur,680081128,213
740,Kuala Lumpur,752542916,943
741,Dengteke,330218593,273
742,Huilelot,921303321,60
743,Bajia,370676325,656
744,Hovorany,157010788,323
745,Azteca,532011997,520
746,Redondos,331221937,514
747,Bondoukou,701193303,811
748,Rislane,857451412,13
749,Gryfino,546016276,383
750,Sunjia,331553009,490
751,Boston,891034927,726
752,Los Cóndores,99669,163
753,Lebahseri,405092288,361
754,Shiwan,052015009,56
755,Alpatovo,088224603,544
756,Tulu Bolo,753911875,595
757,Dindima,900466023,705
758,Łęczyce,124015151,626
759,Pamanukan,900741515,410
760,Martil,944013810,779
761,Kalávryta,062601871,165
762,Nioro du Rip,735340100,107
763,Chian Yai,481354001,303
764,Tankhoy,054013456,358
765,A’yi Take,717423026,858
766,Chai Badan,756015580,120
767,Chengguan,409771452,627
768,Ipojuca,370275339,565
769,Temirgoyevskaya,170554325,544
770,Putrajaya,538130271,220
771,Hirado,187043721,352
772,Tartu,510121205,753
773,Weifang,100251716,454
774,Saseel,832043236,971
775,Rufino,133671229,147
776,Caieiras,779574045,453
777,Ujar,329013224,909
778,Nailung,080031115,65
779,Siekierczyn,520401725,443
780,Kadukandel,077192362,984
781,Turbo,748204610,591
782,Al Qaţīf,902422804,115
783,Anuradhapura,295660547,301
784,Bolesławiec,070323120,427
785,San Jacinto,958331020,948
786,Buenos Aires,558115448,160
787,Kamubheka,800457106,952
788,Pleven,07001,29
789,Jinchang,900771728,522
790,Telbang,900742920,837
791,Shimen,287228516,632
792,Al Muwayh,058199239,475
793,Waigete,524031292,670
794,Pechora,462781386,485
795,Lodwar,12983,532
796,Saseel,946081826,665
797,Banjarjo,680451400,158
798,Esperanza,271570001,213
799,Pregradnoye,680451400,194
800,Tojeira,743546830,128
801,Sa‘sa‘,158011440,228
802,Fuhe,212231558,466
803,Solana,170554325,902
804,Yenagoa,814014212,186
805,Damatou,63645,542
806,Maliang,331263168,141
807,Jiukeng,731250887,424
808,Tomohon,775816559,555
809,Kongwan,007913114,58
810,Qadsīyā,178224903,940
811,Sigiriya,331342300,100
812,Tongkiling,810502751,89
813,Boden,471120038,208
814,Krasnyy Yar,301651345,318
815,Volodymyrets’,989440719,1000
816,Limbi,615301246,443
817,Kajanan,152131113,209
818,Sepolong Timur,637038399,314
819,Socota,10037,481
820,Timaru,18235,95
821,Pilawa,112123139,852
822,Dazu,991338718,801
823,Zargarān,315980565,755
824,Prado,253041334,353
825,Capalonga,447182545,827
826,Al Qurayshīyah,954374803,514
827,Goubétto,207703527,957
828,Eirunepé,774802801,273
829,Tola,382011649,143
830,Mkushi,610811252,263
831,Herálec,515372057,517
832,Ayabaca,922788250,461
833,Long Layu,170554325,298
834,Moravská Třebová,356402309,37
835,Dongshi,943041511,338
836,Pidvynohradiv,112015425,178
837,Luzhuangzi,982212557,42
838,Thun,770826686,780
839,Sieroszewice,658084046,983
840,Kuryłówka,714180899,859
841,Kandangan,394292654,684
842,Pulupandan,680664152,965
843,Nabire,946123466,186
844,Zeya,283583075,136
845,Luleå,71082,317
846,Korsze,462680952,26
847,Zaragoza,539591049,905
848,Šabac,981455005,324
849,Taiyuan,134402844,431
850,Cimo de Vila,359762206,446
851,Sempol,904041209,1
852,Sobral da Abelheira,070106140,604
853,Houston,260036300,965
854,Stocksund,539591049,587
855,Sélestat,117143471,596
856,Pateh Sam,963285071,940
857,Stoczek,761094831,261
858,Uchaly,378741181,388
859,Miramar,770325300,654
860,Xinyang,668392602,941
861,Haarlem,764424462,102
862,Wenping,752022992,691
863,Qingxi,607073742,869
864,Dimitrovgrad,494234911,1
865,Wentugaole,646838346,196
866,Francova Lhota,37067,712
867,Brea Pozo,735020129,653
868,Pyrzyce,279549400,146
869,Dukuhsia,167011036,932
870,Moriyama,765281024,990
871,Ålesund,750138135,375
872,Skiáthos,647598105,465
873,Pompéu,461684498,252
874,Huangnan,752357708,573
875,Gongqiao,933096200,570
876,Nam Khun,639609104,762
877,Sari,372033287,628
878,Amānzī,54871,626
879,Fujinomiya,485035902,444
880,Stockholm,435602269,352
881,La Rioja,995171492,944
882,Bulianhe,967202060,416
883,Duozhu,10456,439
884,Voznesenskaya,370272895,864
885,Zuyevka,370274536,543
886,Ribeirão Preto,331721416,227
887,Adolfo Ruiz Cortines,726323541,555
888,Brejos,103012028,767
889,Lille,802044507,852
890,Reutov,461352268,887
891,Oguta,676012370,983
892,San Juan de los Morros,324461917,247
893,Åkersberga,721104510,568
894,Pocrí,212046808,505
895,Shangma,894190661,712
896,An Nāşirīyah,296412089,258
897,Louisville,170554325,140
898,Lamoso,236084410,742
899,Tongjiaxi,234344564,566
900,Tieli,490096114,181
901,Pau,599015008,753
902,Gračec,658080939,776
903,Maesan,110401402,906
904,Cernache do Bonjardim,452639993,651
905,Gujrāt,60616,703
906,Roma,752840795,354
907,Bwizibwera,602023328,855
908,Bakalang,303743070,72
909,Wangcungang,80230,778
910,Mongu,463077762,832
911,Boucinha,106052523,669
912,Balangpule,016091953,218
913,Stadtbredimus,02127,984
914,Konongo,610368118,559
915,Santana do Paraíso,530664500,702
916,Vigan,027403464,46
917,Anchau,850062837,335
918,Mitry-Mory,983682443,615
919,Nangtang,33126,697
920,Lao Suea Kok,740203020,276
921,Miami,331491303,756
922,Xiangride,315341287,979
923,Barranca de Upía,325397355,844
924,Bai’e,420788043,955
925,Cigaleuh Kulon,614553313,773
926,Hondo,906062500,100
927,Ylihärmä,482670001,493
928,Dresden,48162,669
929,Saransk,608042018,130
930,Benito Juarez,600051069,203
931,San Fernando,952103339,683
932,Sokyryany,730346978,522
933,Marang,934587729,1
934,Cavinti,115013808,308
935,Lyubeshiv,286593564,337
936,Pampachiri,212870010,635
937,Santa Luċija,231122163,86
938,Cotuí,953709226,393
939,Falāvarjān,776651997,789
940,Emiliano Zapata,191828125,971
941,Tengjia,96746,429
942,Cícero Dantas,750104971,671
943,Madrid,462193049,170
944,Umm Sa‘īd,704343370,906
945,Sukasenang,946091809,67
946,Huifeng,299025441,805
947,Một Ngàn,370275697,372
948,Xigou,146420001,352
949,Dagohoy,48341,713
950,Ujiie,163652111,682
951,Lasiana,181042310,580
952,Gōdo,785502583,832
953,Baofeng,914113104,273
954,Brejos,900885904,739
955,Luodong,850122702,88
956,Ulbroka,841175444,899
957,San Marcos,658021917,134
958,Prinza,046523620,399
959,Hamm,958172201,602
960,Cibenda,772160001,174
961,Zdenci,330125736,238
962,Ust-Kamenogorsk,482672728,50
963,Chao,770028594,5
964,Pomacanchi,902422804,314
965,Umm Kaddadah,601150904,916
966,Staromyshastovskaya,713060118,189
967,Arhust,546015467,795
968,Ágio Pnévma,100877641,369
969,Palumbungan,454054720,315
970,Syracuse,759510037,52
971,Pagelaran,968202100,83
972,Sudikampir,107016807,429
973,Changchuan,201554858,529
974,Yläne,372072539,352
975,Scholkine,115802145,268
976,Moneghetti,900043511,346
977,Geneng Tengah,321745103,1
978,Ancona,252761050,507
979,Log pri Brezovici,90048,185
980,Santa Elena,021191463,602
981,Taoyuan,021243510,351
982,Mengdadazhuang,156017328,316
983,Przyborów,795460485,953
984,Kishkenekol’,601772225,117
985,Longxing,058190905,700
986,Lions Bay,200102921,921
987,Bouabout,09180,348
988,Mufumbwe,370272829,873
989,Lidun,248012029,46
990,Gasa,390832224,112
991,Zvishavane,955318397,286
992,Sabang,222063618,118
993,Bamut,283370398,426
994,Kandy,207626602,767
995,La Oroya,370839999,751
996,Nankai,823270689,188
997,Cihaur,370272829,172
998,Itararé,651021128,978
999,Cabaiguán,80230,215
1000,San Pedro,284613038,276
